"","term","sumsq","df","statistic","p.value"
"1","(Intercept)",227332487.993315,1,434.558667662563,3.4034903795652e-95
"2","LEVEL1",72878479.0238094,4,34.827814345207,5.37376880893737e-29
"3","DEPTH",52076562.9265518,3,33.1824134209293,2.2753580524656e-21
"4","LEVEL1:DEPTH",17312422.9224539,12,2.75780477074241,0.000944347597640942
"5","Residuals",8054173683.77714,15396,NA,NA
