"","term","sumsq","df","statistic","p.value"
"1","(Intercept)",227332487.993284,1,434.558667662506,3.40349037966161e-95
"2","LEVEL1",72878479.0238276,4,34.8278143452156,5.37376880884671e-29
"3","DEPTH",52076562.9265518,3,33.1824134209295,2.27535805246484e-21
"4","LEVEL1:DEPTH",17312422.9224548,12,2.75780477074251,0.000944347597640532
"5","Residuals",8054173683.77713,15396,NA,NA
